id_tienda,id_producto,nombre,stock_actual,Q_objetivo_semana,pedido_sugerido,mu_semana,sigma_semana,margen_unitario,costo_overstock,p_critico_agresividad,service_level_approx,costo_esperado_stockout,costo_esperado_overstock,costo_total_esperado,ciudad,tamaño_m2
STORE_01,PROD_001,Tinto,1,50.57722167079545,49.57722167079545,47.306966373521576,7.107143400188543,1700,810,0.6772908366533864,0.6772908366533864,2541.8117243245265,3860.005318264113,6401.81704258864,Bogotá,28
STORE_01,PROD_002,Café con Leche,10,69.97132293256782,59.971322932567816,65.75634274499346,10.61546282207636,2300,1215,0.6543385490753911,0.6543385490753911,5651.064000100436,8106.436910564595,13757.50091066503,Bogotá,28
STORE_01,PROD_003,Cappuccino,33,66.79929203886063,33.79929203886063,63.07494272525008,8.770525221523135,3000,1515,0.6644518272425249,0.6644518272425249,5842.710852738662,8592.958190753008,14435.66904349167,Bogotá,28
STORE_01,PROD_004,Pan de Bono,11,53.9946507315446,42.9946507315446,51.38948130848519,7.361049483076552,1800,1020,0.6382978723404256,0.6382978723404256,3268.9191836327304,4509.660348912481,7778.579532545211,Bogotá,28
STORE_01,PROD_005,Buñuelo,3,70.44667688673898,67.44667688673898,66.00811367602569,9.805514246706355,1700,820,0.6746031746031746,0.6746031746031746,3547.2480384039977,5350.6473571915385,8897.895395595537,Bogotá,28
STORE_01,PROD_006,Croissant,13,89.36945884822629,76.36945884822629,85.56210743765429,9.711868226765887,2300,1225,0.6524822695035462,0.6524822695035462,5208.980770471819,7438.35393178895,12647.334702260769,Bogotá,28
STORE_01,PROD_007,Pastel de Pollo,8,68.90723537280759,60.90723537280759,67.12523534369058,10.629036808230943,2000,1530,0.56657223796034,0.56657223796034,6817.653678693885,7941.965108749857,14759.618787443742,Bogotá,28
STORE_01,PROD_008,Jugo de Naranja,13,63.28494055003864,50.28494055003864,61.281678151032075,8.417073194358938,3000,2050,0.594059405940594,0.594059405940594,7352.855642907502,9131.13927395026,16483.994916857762,Bogotá,28
STORE_02,PROD_001,Tinto,9,75.54318679668839,66.54318679668839,71.13900307497556,9.571474525882486,1700,810,0.6772908366533864,0.6772908366533864,3423.1596014111983,5198.423683495081,8621.583284906279,Bogotá,43
STORE_02,PROD_002,Café con Leche,20,100.39873205844397,80.39873205844397,96.39505042266147,10.083305653813165,2300,1215,0.6543385490753911,0.6543385490753911,5367.774023358817,7700.05816068485,13067.832184043667,Bogotá,43
STORE_02,PROD_003,Cappuccino,32,103.97580847691223,71.97580847691223,97.99620450320252,14.081457739338434,3000,1515,0.6644518272425249,0.6644518272425249,9380.725085210504,13796.366188201531,23177.091273412036,Bogotá,43
STORE_02,PROD_004,Pan de Bono,43,82.17574029823862,39.17574029823862,79.73039306573756,6.909463093807449,1800,1020,0.6382978723404256,0.6382978723404256,3068.3772073366777,4233.001261308538,7301.378468645216,Bogotá,43
STORE_02,PROD_005,Buñuelo,27,110.73304307786427,83.73304307786427,105.75603680621077,10.995023296018905,1700,820,0.6746031746031746,0.6746031746031746,3977.5654634442053,5999.735542770126,9977.301006214331,Bogotá,43
STORE_02,PROD_006,Croissant,8,89.79303741029454,81.79303741029454,85.67101798185764,10.514529708497182,2300,1225,0.6524822695035462,0.6524822695035462,5639.48992956582,8053.115175364815,13692.605104930633,Bogotá,43
STORE_02,PROD_007,Pastel de Pollo,11,103.31164801284058,92.31164801284058,101.47570116690449,10.95081160749455,2000,1530,0.56657223796034,0.56657223796034,7024.045770798761,8182.393688943276,15206.439459742036,Bogotá,43
STORE_02,PROD_008,Jugo de Naranja,20,107.69212519907205,87.69212519907205,104.87969742863658,11.816929429385988,3000,2050,0.594059405940594,0.594059405940594,10322.849074774866,12819.423797155549,23142.272871930414,Bogotá,43
STORE_03,PROD_001,Tinto,4,108.51056081910393,104.51056081910393,104.15309231410986,9.469949808693642,1700,810,0.6772908366533864,0.6772908366533864,3386.850116442527,5143.283956291349,8530.134072733876,Bogotá,42
STORE_03,PROD_002,Café con Leche,24,70.62160288381322,46.621602883813225,66.97899407447656,9.173940723345103,2300,1215,0.6543385490753911,0.6543385490753911,4883.680253011388,7005.62688047832,11889.307133489709,Bogotá,42
STORE_03,PROD_003,Cappuccino,20,92.25096255778459,72.25096255778459,87.89265837356074,10.26343491227157,3000,1515,0.6644518272425249,0.6644518272425249,6837.251023592852,10055.642606013538,16892.89362960639,Bogotá,42
STORE_03,PROD_004,Pan de Bono,21,61.28031318961756,40.28031318961756,58.74651585462233,7.159383722953373,1800,1020,0.6382978723404256,0.6382978723404256,3179.3627863467,4386.1121939582645,7565.474980304964,Bogotá,42
STORE_03,PROD_005,Buñuelo,8,140.57390287028593,132.57390287028593,133.49504763467954,15.638352450534464,1700,820,0.6746031746031746,0.6746031746031746,5657.338682941794,8533.495246145641,14190.833929087436,Bogotá,42
STORE_03,PROD_006,Croissant,18,145.18455684974535,127.18455684974535,141.15224917642848,10.285691166906727,2300,1225,0.6524822695035462,0.6524822695035462,5516.751900707242,7877.846933885487,13394.598834592729,Bogotá,42
STORE_03,PROD_007,Pastel de Pollo,4,167.71859278029578,163.71859278029578,165.58224917035045,12.742578279524164,2000,1530,0.56657223796034,0.56657223796034,8173.316853712332,9521.193116306295,17694.509970018626,Bogotá,42
STORE_03,PROD_008,Jugo de Naranja,4,136.83760782453066,132.83760782453066,132.25449959092018,19.256767101054187,3000,2050,0.594059405940594,0.594059405940594,16822.026537447233,20890.423346157117,37712.44988360435,Bogotá,42
STORE_04,PROD_001,Tinto,29,78.19542478039952,49.19542478039952,74.37651598756918,8.299514856076117,1700,810,0.6772908366533864,0.6772908366533864,2968.2536258970395,4507.601673355282,7475.855299252322,Cali,40
STORE_04,PROD_002,Café con Leche,9,94.57069875514304,85.57069875514304,88.6946258561121,14.798938695693005,2300,1215,0.6543385490753911,0.6543385490753911,7878.10678673417,11301.124114010438,19179.23090074461,Cali,40
STORE_04,PROD_003,Cappuccino,15,87.15294519723142,72.15294519723142,81.88344624952164,12.409220922640593,3000,1515,0.6644518272425249,0.6644518272425249,8266.721539186512,12157.985283069493,20424.706822256005,Cali,40
STORE_04,PROD_004,Pan de Bono,6,55.369359588581744,49.369359588581744,52.19769925301674,8.961700712035706,1800,1020,0.6382978723404256,0.6382978723404256,3979.7416717411793,5490.280489596306,9470.022161337485,Cali,40
STORE_04,PROD_005,Buñuelo,5,144.57325023866076,139.57325023866076,135.54449979778596,19.94599082519919,1700,820,0.6746031746031746,0.6746031746031746,7215.672227744487,10884.076083135262,18099.74831087975,Cali,40
STORE_04,PROD_006,Croissant,30,197.9282594906725,167.9282594906725,193.29029468721896,11.830613503772097,2300,1225,0.6524822695035462,0.6524822695035462,6345.374216898198,9061.108369317659,15406.482586215858,Cali,40
STORE_04,PROD_007,Pastel de Pollo,31,84.88914471892524,53.88914471892524,83.02750966698471,11.104033202722993,2000,1530,0.56657223796034,0.56657223796034,7122.3248332586445,8296.880126911856,15419.2049601705,Cali,40
STORE_04,PROD_008,Jugo de Naranja,36,191.9864992962003,155.9864992962003,188.3800172512863,15.15329362805202,3000,2050,0.594059405940594,0.594059405940594,13237.378122876426,16438.829909372595,29676.208032249022,Cali,40
STORE_05,PROD_001,Tinto,38,69.3144522975018,31.314452297501802,65.77517809768415,7.691793754347065,1700,810,0.6772908366533864,0.6772908366533864,2750.907142997406,4177.538446456943,6928.44558945435,Bogotá,34
STORE_05,PROD_002,Café con Leche,10,53.9397877902808,43.9397877902808,50.66617749086754,8.244614892813122,2300,1215,0.6543385490753911,0.6543385490753911,4388.960443493417,6295.952574154292,10684.913017647708,Bogotá,34
STORE_05,PROD_003,Cappuccino,33,136.2975564259582,103.29755642595819,132.0395854561681,10.027158743295628,3000,1515,0.6644518272425249,0.6644518272425249,6679.849579340519,9824.150056798913,16503.999636139433,Bogotá,34
STORE_05,PROD_004,Pan de Bono,8,38.25368503908725,30.25368503908725,35.95920932315134,6.48316732617223,1800,1020,0.6382978723404256,0.6382978723404256,2879.066373884464,3971.8361754558255,6850.90254934029,Bogotá,34
STORE_05,PROD_005,Buñuelo,1,131.04892025128134,130.04892025128134,125.37403960589354,12.536742268849162,1700,820,0.6746031746031746,0.6746031746031746,4535.298537360173,6841.016717827022,11376.315255187195,Bogotá,34
STORE_05,PROD_006,Croissant,23,158.45504553078044,135.45504553078044,154.17047118769153,10.929178040229804,2300,1225,0.6524822695035462,0.6524822695035462,5861.887426738484,8370.69578669897,14232.583213437454,Bogotá,34
STORE_05,PROD_007,Pastel de Pollo,4,120.49721688140013,116.49721688140013,118.51614895597821,11.81641052461094,2000,1530,0.56657223796034,0.56657223796034,7579.2563461334985,8829.165030687665,16408.421376821163,Bogotá,34
STORE_05,PROD_008,Jugo de Naranja,12,175.91453595092827,163.91453595092827,172.8580110627191,12.842548094146123,3000,2050,0.594059405940594,0.594059405940594,11218.7930463334,13932.051269156635,25150.844315490034,Bogotá,34
STORE_06,PROD_001,Tinto,3,63.61316806890546,60.61316806890546,59.889773249198285,8.091937330164315,1700,810,0.6772908366533864,0.6772908366533864,2894.0152210472233,4394.862938697079,7288.878159744302,Bogotá,34
STORE_06,PROD_002,Café con Leche,9,86.07185133637878,77.07185133637878,82.54895875164272,8.872434411359732,2300,1215,0.6543385490753911,0.6543385490753911,4723.175572808447,6775.383325655306,11498.558898463754,Bogotá,34
STORE_06,PROD_003,Cappuccino,43,65.68642552402159,22.686425524021587,62.00282711609424,8.674560311682846,3000,1515,0.6644518272425249,0.6644518272425249,5778.781360941525,8498.936175285411,14277.717536226937,Bogotá,34
STORE_06,PROD_004,Pan de Bono,18,45.064811379559934,27.064811379559934,42.20186334720096,8.089417120872772,1800,1020,0.6382978723404256,0.6382978723404256,3592.375091571308,4955.886211563226,8548.261303134535,Bogotá,34
STORE_06,PROD_005,Buñuelo,3,89.46614414777613,86.46614414777613,84.30673622521564,11.397978464546055,1700,820,0.6746031746031746,0.6746031746031746,4123.3387390888565,6219.619064765995,10342.957803854852,Bogotá,34
STORE_06,PROD_006,Croissant,25,93.64724636962204,68.64724636962204,89.67190178375793,10.140388582649656,2300,1225,0.6524822695035462,0.6524822695035462,5438.818556717979,7766.559175065927,13205.377731783905,Bogotá,34
STORE_06,PROD_007,Pastel de Pollo,37,201.32597284764503,164.32597284764503,199.1653127340103,12.887618127189032,2000,1530,0.56657223796034,0.56657223796034,8266.347997439661,9629.566191902455,17895.91418934212,Bogotá,34
STORE_06,PROD_008,Jugo de Naranja,3,124.68322991905583,121.68322991905583,121.71002798435686,12.492451472348963,3000,2050,0.594059405940594,0.594059405940594,10912.961094810236,13552.254047586575,24465.21514239681,Bogotá,34
STORE_07,PROD_001,Tinto,27,30.62987098474329,3.6298709847432917,28.485228053975785,4.660885302707546,1700,810,0.6772908366533864,0.6772908366533864,1666.927518001061,2531.402708969245,4198.330226970305,Bogotá,15
STORE_07,PROD_002,Café con Leche,15,52.465082768552215,37.465082768552215,50.16289662708517,5.798075033967587,2300,1215,0.6543385490753911,0.6543385490753911,3086.5628417251173,4427.6665326198645,7514.229374344982,Bogotá,15
STORE_07,PROD_003,Cappuccino,18,56.894567519407055,38.894567519407055,54.317242182019655,6.0693815139786205,3000,1515,0.6644518272425249,0.6644518272425249,4043.2745297978677,5946.501523689838,9989.776053487705,Bogotá,15
STORE_07,PROD_004,Pan de Bono,55,33.15588191411245,0.0,31.454750367914734,4.806640742036042,1800,1020,0.6382978723404256,0.6382978723404256,2134.548907271471,2944.731891242169,5079.28079851364,Bogotá,15
STORE_07,PROD_005,Buñuelo,0,37.32250614881948,37.32250614881948,34.68561033459468,5.8253354173379925,1700,820,0.6746031746031746,0.6746031746031746,2107.376432514845,3178.753788053848,5286.130220568693,Bogotá,15
STORE_07,PROD_006,Croissant,20,53.44464235445657,33.44464235445657,50.55892177149441,7.360953854475979,2300,1225,0.6524822695035462,0.6524822695035462,3948.062945770041,5637.780370027904,9585.843315797945,Bogotá,15
STORE_07,PROD_007,Pastel de Pollo,1,47.18965285607214,46.18965285607214,45.93265311737826,7.4975848890048935,2000,1530,0.56657223796034,0.56657223796034,4809.084597417199,5602.159317225807,10411.243914643006,Bogotá,15
STORE_07,PROD_008,Jugo de Naranja,31,52.45934478607724,21.45934478607724,50.04364259786602,10.150014368577082,3000,2050,0.594059405940594,0.594059405940594,8866.691390494474,11011.095269337557,19877.786659832032,Bogotá,15
STORE_08,PROD_001,Tinto,45,90.96732674290843,45.967326742908426,87.02783225724626,8.56157996508499,1700,810,0.6772908366533864,0.6772908366533864,3061.979069314639,4649.933501706864,7711.912571021503,Bogotá,49
STORE_08,PROD_002,Café con Leche,1,109.05366186199412,108.05366186199412,104.6633609571928,11.0570095133631,2300,1215,0.6543385490753911,0.6543385490753911,5886.118152078136,8443.621492714014,14329.73964479215,Bogotá,49
STORE_08,PROD_003,Cappuccino,0,128.31108379661072,128.31108379661072,123.70177564724469,10.854527858074613,3000,1515,0.6644518272425249,0.6644518272425249,7231.022785510313,10634.768352972224,17865.791138482535,Bogotá,49
STORE_08,PROD_004,Pan de Bono,62,69.0581177190865,7.058117719086496,65.6133604573938,9.733351096501414,1800,1020,0.6382978723404256,0.6382978723404256,4322.418724875628,5963.023017689415,10285.441742565043,Bogotá,49
STORE_08,PROD_005,Buñuelo,52,205.28564019990014,153.28564019990014,198.61461096250042,14.737397919586108,1700,820,0.6746031746031746,0.6746031746031746,5331.408893622356,8041.864735120908,13373.273628743264,Bogotá,49
STORE_08,PROD_006,Croissant,51,170.33620645422982,119.33620645422982,165.0501355487388,13.48381552827484,2300,1225,0.6524822695035462,0.6524822695035462,7232.072569292087,10327.301597219026,17559.374166511112,Bogotá,49
STORE_08,PROD_007,Pastel de Pollo,56,259.55638589051756,203.55638589051756,256.8418065907081,16.191561630239615,2000,1530,0.56657223796034,0.56657223796034,10385.55625536257,12098.2568640609,22483.81311942347,Bogotá,49
STORE_08,PROD_008,Jugo de Naranja,13,150.49664371785934,137.49664371785934,145.46385863415003,21.146166594084963,3000,2050,0.594059405940594,0.594059405940594,18472.53870518608,22940.110870147928,41412.64957533401,Bogotá,49
STORE_09,PROD_001,Tinto,75,46.09750607356795,0.0,43.18246336634828,6.335171004892034,1700,810,0.6772908366533864,0.6772908366533864,2265.7221093088083,3440.7345390480136,5706.4566483568215,Medellín,25
STORE_09,PROD_002,Café con Leche,44,35.83394056737808,0.0,32.923578357559805,7.329771543927783,2300,1215,0.6543385490753911,0.6543385490753911,3901.9502771664393,5597.33773134539,9499.28800851183,Medellín,25
STORE_09,PROD_003,Cappuccino,2,61.46514763496733,59.46514763496733,57.80539846333263,8.618397392792733,3000,1515,0.6644518272425249,0.6644518272425249,5741.366988662488,8443.910324301132,14185.27731296362,Medellín,25
STORE_09,PROD_004,Pan de Bono,33,31.05619453529132,0.0,29.161391311891734,5.353870717458982,1800,1020,0.6382978723404256,0.6382978723404256,2377.56460342072,3279.985896472651,5657.55049989337,Medellín,25
STORE_09,PROD_005,Buñuelo,24,89.18239840247044,65.18239840247044,83.42809234264215,12.712206038513864,1700,820,0.6746031746031746,0.6746031746031746,4598.774403805745,6936.763328541974,11535.537732347719,Medellín,25
STORE_09,PROD_006,Croissant,2,69.06815332323676,67.06815332323676,63.90145263962104,13.179323575723867,2300,1225,0.6524822695035462,0.6524822695035462,7068.757675744605,10094.09014298888,17162.847818733484,Medellín,25
STORE_09,PROD_007,Pastel de Pollo,26,95.57079358367238,69.57079358367238,93.91179536684965,9.895371954699625,2000,1530,0.56657223796034,0.56657223796034,6347.0679635580755,7393.774263860725,13740.842227418801,Medellín,25
STORE_09,PROD_008,Jugo de Naranja,13,94.04604114712804,81.04604114712804,90.96295522570946,12.954149130911041,3000,2050,0.594059405940594,0.594059405940594,11316.283741018247,14053.120028603882,25369.403769622128,Medellín,25
STORE_10,PROD_001,Tinto,38,38.83109906765479,0.8310990676547902,35.97214119469831,6.213283591387478,1700,810,0.6772908366533864,0.6772908366533864,2222.130072501833,3374.535499875037,5596.665572376871,Bogotá,32
STORE_10,PROD_002,Café con Leche,34,83.90642534393247,49.90642534393247,78.93496613633253,12.520661555023093,2300,1215,0.6543385490753911,0.6543385490753911,6665.282612444119,9561.33092598157,16226.613538425689,Bogotá,32
STORE_10,PROD_003,Cappuccino,57,70.46500610660493,13.465006106604932,66.99428934922832,8.173242167723677,3000,1515,0.6644518272425249,0.6644518272425249,5444.815391241438,8007.767660002479,13452.583051243917,Bogotá,32
STORE_10,PROD_004,Pan de Bono,1,30.72931765618699,29.72931765618699,28.97996267174836,4.942898718962009,1800,1020,0.6382978723404256,0.6382978723404256,2195.05880001439,3028.2087374688895,5223.26753748328,Bogotá,32
STORE_10,PROD_005,Buñuelo,24,111.74831506315084,87.74831506315084,104.3629977212937,16.315377516137723,1700,820,0.6746031746031746,0.6746031746031746,5902.259630021971,8902.932512451109,14805.192142473079,Bogotá,32
STORE_10,PROD_006,Croissant,9,106.39925027722782,97.39925027722782,102.23234512242826,10.629025118215994,2300,1225,0.6524822695035462,0.6524822695035462,5700.899781265505,8140.807611173051,13841.707392438555,Bogotá,32
STORE_10,PROD_007,Pastel de Pollo,29,122.79400008179584,93.79400008179584,121.0190478600513,10.586998984013563,2000,1530,0.56657223796034,0.56657223796034,6790.689868887716,7910.554648968247,14701.244517855965,Bogotá,32
STORE_10,PROD_008,Jugo de Naranja,18,75.44891126442648,57.448911264426485,73.08313777218783,9.940229824770785,3000,2050,0.594059405940594,0.594059405940594,8683.431077663325,10783.513562159196,19466.94463982252,Bogotá,32
STORE_11,PROD_001,Tinto,13,57.76458791245495,44.76458791245495,54.47004751780891,7.159921441601822,1700,810,0.6772908366533864,0.6772908366533864,2560.6873592874567,3888.6699320296684,6449.357291317125,Bogotá,33
STORE_11,PROD_002,Café con Leche,0,126.71340558251126,126.71340558251126,122.7936713198021,9.871883493277709,2300,1215,0.6543385490753911,0.6543385490753911,5255.224982374876,7538.606848141823,12793.8318305167,Bogotá,33
STORE_11,PROD_003,Cappuccino,18,77.26556747756898,59.26556747756898,72.42496923215825,11.399196322290763,3000,1515,0.6644518272425249,0.6644518272425249,7593.867685518199,11168.409522983957,18762.277208502157,Bogotá,33
STORE_11,PROD_004,Pan de Bono,10,61.15289887949383,51.15289887949383,58.57446626783222,7.285503152009993,1800,1020,0.6382978723404256,0.6382978723404256,3235.370319242632,4463.3777781323315,7698.748097374963,Bogotá,33
STORE_11,PROD_005,Buñuelo,8,185.5994639943266,177.5994639943266,179.87466099018488,12.64702894873904,1700,820,0.6746031746031746,0.6746031746031746,4575.195905214477,6901.197664734976,11476.393569949452,Bogotá,33
STORE_11,PROD_006,Croissant,89,141.18935767392085,52.18935767392085,137.33548160804315,9.830544249254896,2300,1225,0.6524822695035462,0.6524822695035462,5272.632902546431,7529.248313578164,12801.881216124595,Bogotá,33
STORE_11,PROD_007,Pastel de Pollo,24,78.62666896603243,54.626668966032426,77.08229349647652,9.211685434019028,2000,1530,0.56657223796034,0.56657223796034,5908.539242010889,6882.926988558871,12791.46623056976,Bogotá,33
STORE_11,PROD_008,Jugo de Naranja,15,106.10947794686835,91.10947794686835,102.79612382804342,13.921663058623936,3000,2050,0.594059405940594,0.594059405940594,12161.469481798438,15102.713422820047,27264.182904618487,Bogotá,33
STORE_12,PROD_001,Tinto,40,93.935277875911,53.935277875911,89.95278417467438,8.655028813386831,1700,810,0.6772908366533864,0.6772908366533864,3095.4002858095737,4700.68709300505,7796.087378814624,Medellín,35
STORE_12,PROD_002,Café con Leche,5,83.73856256543165,78.73856256543165,79.87787291054912,9.723179155099494,2300,1215,0.6543385490753911,0.6543385490753911,5176.06331545348,7425.049638628356,12601.112954081837,Medellín,35
STORE_12,PROD_003,Cappuccino,19,123.71931038235769,104.71931038235769,119.80201496048954,9.224896862411837,3000,1515,0.6644518272425249,0.6644518272425249,6145.402202497537,9038.13067639149,15183.532878889027,Medellín,35
STORE_12,PROD_004,Pan de Bono,39,70.46725390218276,31.46725390218276,67.9208345453649,7.195047939794885,1800,1020,0.6382978723404256,0.6382978723404256,3195.2006696363705,4407.961456748163,7603.162126384534,Medellín,35
STORE_12,PROD_005,Buñuelo,2,142.65329004485892,140.65329004485892,137.61817647276297,11.123391854779317,1700,820,0.6746031746031746,0.6746031746031746,4024.0041413961103,6069.783362027398,10093.787503423508,Medellín,35
STORE_12,PROD_006,Croissant,5,124.49253281642153,119.49253281642153,120.7684330348516,9.499508304252139,2300,1225,0.6524822695035462,0.6524822695035462,5095.081083309222,7275.706722446556,12370.78780575578,Medellín,35
STORE_12,PROD_007,Pastel de Pollo,1,140.40306463162057,139.40306463162057,137.79551896606677,15.553141641668521,2000,1530,0.56657223796034,0.56657223796034,9976.0622944175,11621.2325235267,21597.2948179442,Medellín,35
STORE_12,PROD_008,Jugo de Naranja,97,127.22626815566211,30.226268155662112,124.15731616636107,12.894762831234878,3000,2050,0.594059405940594,0.594059405940594,11264.405982728355,13988.695666264843,25253.101648993197,Medellín,35
STORE_13,PROD_001,Tinto,17,53.16270044369838,36.16270044369838,49.7578450052759,7.399665670736111,1700,810,0.6772908366533864,0.6772908366533864,2646.4299225283385,4018.8789270327716,6665.30884956111,Medellín,31
STORE_13,PROD_002,Café con Leche,13,77.2359770006715,64.2359770006715,73.22822820312533,10.09354883469951,2300,1215,0.6543385490753911,0.6543385490753911,5373.226905793011,7707.880306644042,13081.107212437053,Medellín,31
STORE_13,PROD_003,Cappuccino,8,83.22203908123124,75.22203908123124,79.52112256529823,8.71534298008015,3000,1515,0.6644518272425249,0.6644518272425249,5805.949783952706,8538.893162534634,14344.84294648734,Medellín,31
STORE_13,PROD_004,Pan de Bono,11,59.226149560302474,48.226149560302474,56.8129745225163,6.818558788245106,1800,1020,0.6382978723404256,0.6382978723404256,3028.008122872467,4177.309808169633,7205.3179310421,Medellín,31
STORE_13,PROD_005,Buñuelo,29,110.72520875889558,81.72520875889558,103.90660285491919,15.063418984940352,1700,820,0.6746031746031746,0.6746031746031746,5449.350447268528,8219.767057001925,13669.117504270453,Medellín,31
STORE_13,PROD_006,Croissant,49,65.25498977676926,16.254989776769264,61.90315845419164,8.549918463746357,2300,1225,0.6524822695035462,0.6524822695035462,4585.766592674169,6548.412533647088,11134.179126321258,Medellín,31
STORE_13,PROD_007,Pastel de Pollo,2,87.03603703747781,85.03603703747781,85.435690629723,9.545533443326958,2000,1530,0.56657223796034,0.56657223796034,6122.67530625147,7132.376613147241,13255.051919398711,Medellín,31
STORE_13,PROD_008,Jugo de Naranja,7,111.38047005853572,104.38047005853572,109.26710107260793,8.879706148362649,3000,2050,0.594059405940594,0.594059405940594,7756.995329933265,9633.019896606369,17390.015226539632,Medellín,31
STORE_14,PROD_001,Tinto,4,69.08106478801307,65.08106478801307,65.49882874494376,7.785161382550415,1700,810,0.6772908366533864,0.6772908366533864,2784.2993117882247,4228.2479257969935,7012.547237585219,Bogotá,34
STORE_14,PROD_002,Café con Leche,11,78.11673068015732,67.11673068015732,72.46377429005626,14.237017903628766,2300,1215,0.6543385490753911,0.6543385490753911,7578.972362530042,10872.016544613642,18450.988907143685,Bogotá,34
STORE_14,PROD_003,Cappuccino,15,94.82570341944171,79.82570341944171,91.1724730792854,8.603046100236151,3000,1515,0.6644518272425249,0.6644518272425249,5731.140330468314,8428.869832223303,14160.010162691617,Bogotá,34
STORE_14,PROD_004,Pan de Bono,25,68.67205221107066,43.672052211070664,65.98128237280446,7.6029181640658905,1800,1020,0.6382978723404256,0.6382978723404256,3376.329026892681,4657.83835027072,8034.167377163401,Bogotá,34
STORE_14,PROD_005,Buñuelo,41,189.2629834075647,148.2629834075647,182.23966529613557,15.515661832762682,1700,820,0.6746031746031746,0.6746031746031746,5612.9540599356405,8466.545750870237,14079.499810805877,Bogotá,34
STORE_14,PROD_006,Croissant,15,111.48251682845151,96.48251682845151,107.15188290011207,11.046667752708304,2300,1225,0.6524822695035462,0.6524822695035462,5924.903278965771,8460.681569491066,14385.584848456838,Bogotá,34
STORE_14,PROD_007,Pastel de Pollo,13,124.63428653507671,111.63428653507671,122.54130852470996,12.483916917795574,2000,1530,0.56657223796034,0.56657223796034,8007.406845482867,9327.922592655517,17335.329438138382,Bogotá,34
STORE_14,PROD_008,Jugo de Naranja,17,103.47183573565059,86.47183573565059,99.8172985645228,15.35520602600154,3000,2050,0.594059405940594,0.594059405940594,13413.761609196956,16657.8716337632,30071.633242960153,Bogotá,34
STORE_15,PROD_001,Tinto,43,53.881020577255725,10.881020577255725,50.07180285659678,8.278453552488873,1700,810,0.6772908366533864,0.6772908366533864,2960.7212228803514,4496.1629364002665,7456.884159280618,Bogotá,33
STORE_15,PROD_002,Café con Leche,20,74.1480612679966,54.148061267996596,71.21375292484294,7.390080080822841,2300,1215,0.6543385490753911,0.6543385490753911,3934.055085732829,5643.391997438389,9577.447083171217,Bogotá,33
STORE_15,PROD_003,Cappuccino,30,50.172020937825216,20.172020937825216,47.00411118041351,7.460157489887369,3000,1515,0.6644518272425249,0.6644518272425249,4969.77570081429,7309.120011389955,12278.895712204245,Bogotá,33
STORE_15,PROD_004,Pan de Bono,25,65.50767784368105,40.50767784368105,62.892531416581086,7.389240056705008,1800,1020,0.6382978723404256,0.6382978723404256,3281.438146743023,4526.930972129677,7808.3691188727,Bogotá,33
STORE_15,PROD_005,Buñuelo,51,123.6837728179595,72.6837728179595,118.33953298739976,11.806302469656064,1700,820,0.6746031746031746,0.6746031746031746,4271.054247905365,6442.432239460388,10713.486487365753,Bogotá,33
STORE_15,PROD_006,Croissant,33,146.57970341803497,113.57970341803497,142.25061605782827,11.04272273574261,2300,1225,0.6524822695035462,0.6524822695035462,5922.787360891753,8457.660067162928,14380.447428054682,Bogotá,33
STORE_15,PROD_007,Pastel de Pollo,8,123.35428317101348,115.35428317101348,121.26897293925552,12.438181171589914,2000,1530,0.56657223796034,0.56657223796034,7978.071122595412,9293.749063375168,17271.82018597058,Bogotá,33
STORE_15,PROD_008,Jugo de Naranja,38,115.81252978629064,77.81252978629064,113.20421631534626,10.959305885069577,3000,2050,0.594059405940594,0.594059405940594,9573.659662766013,11889.043384992763,21462.703047758776,Bogotá,33
STORE_16,PROD_001,Tinto,12,83.15106416957535,71.15106416957535,78.83451419411296,9.381022850193185,1700,810,0.6772908366533864,0.6772908366533864,3355.0461168610655,5094.986276981866,8450.032393842932,Bogotá,49
STORE_16,PROD_002,Café con Leche,37,166.26698831956435,129.26698831956435,161.36300009192038,12.350735328227772,2300,1215,0.6543385490753911,0.6543385490753911,6574.823628317781,9431.567743720516,16006.391372038297,Bogotá,49
STORE_16,PROD_003,Cappuccino,47,111.13277283625234,64.13277283625234,106.54126678593158,10.812605432027743,3000,1515,0.6644518272425249,0.6644518272425249,7203.095083639497,10593.694683473885,17796.789767113383,Bogotá,49
STORE_16,PROD_004,Pan de Bono,23,41.16276992318256,18.16276992318256,38.431800923926296,7.71650310430307,1800,1020,0.6382978723404256,0.6382978723404256,3426.770202565625,4727.424827361907,8154.195029927532,Bogotá,49
STORE_16,PROD_005,Buñuelo,25,264.62422934473346,239.62422934473346,258.2276072889983,14.131187440772713,1700,820,0.6746031746031746,0.6746031746031746,5112.105869045846,7711.069387242623,12823.175256288469,Bogotá,49
STORE_16,PROD_006,Croissant,3,215.14809371898522,212.14809371898522,209.03157101815142,15.602148599042938,2300,1225,0.6524822695035462,0.6524822695035462,8368.244928043297,11949.740324544468,20317.985252587765,Bogotá,49
STORE_16,PROD_007,Pastel de Pollo,7,183.45758190375733,176.45758190375733,180.94168348388317,15.00649633763647,2000,1530,0.56657223796034,0.56657223796034,9625.43425208267,11212.781785250718,20838.21603733339,Bogotá,49
STORE_16,PROD_008,Jugo de Naranja,16,150.80052775239542,134.80052775239542,145.7768100058468,21.108068519365705,3000,2050,0.594059405940594,0.594059405940594,18439.25758273236,22898.780728625097,41338.03831135746,Bogotá,49
STORE_17,PROD_001,Tinto,0,37.981266083267535,37.981266083267535,35.08398424589137,6.296571862802077,1700,810,0.6772908366533864,0.6772908366533864,2251.91744175271,3419.770716403924,5671.688158156634,Medellín,19
STORE_17,PROD_002,Café con Leche,37,59.59361212144463,22.59361212144463,56.86648734961037,6.868286525263622,2300,1215,0.6543385490753911,0.6543385490753911,3656.282102422776,5244.927360580226,8901.209463003002,Medellín,19
STORE_17,PROD_003,Cappuccino,9,39.90408263261111,30.904082632611107,36.5407674479513,7.9203206174003595,3000,1515,0.6644518272425249,0.6644518272425249,5276.325198277955,7759.966729889965,13036.29192816792,Medellín,19
STORE_17,PROD_004,Pan de Bono,25,20.06649335190194,0.0,18.451451944550122,4.563388319970778,1800,1020,0.6382978723404256,0.6382978723404256,2026.5245677010862,2795.706157196137,4822.230724897223,Medellín,19
STORE_17,PROD_005,Buñuelo,29,76.08989332170994,47.08989332170994,72.46026102444914,8.018453159615305,1700,820,0.6746031746031746,0.6746031746031746,2900.7598710117422,4375.48853918305,7276.248410194792,Medellín,19
STORE_17,PROD_006,Croissant,15,36.945998925224394,21.945998925224394,34.68232526079613,5.774224117133633,2300,1225,0.6524822695035462,0.6524822695035462,3097.0171431742965,4422.4984999631115,7519.515643137408,Medellín,19
STORE_17,PROD_007,Pastel de Pollo,31,72.58957771130311,41.58957771130311,71.35337661052806,7.373527939292063,2000,1530,0.56657223796034,0.56657223796034,4729.5122584709015,5509.464561916063,10238.976820386964,Medellín,19
STORE_17,PROD_008,Jugo de Naranja,22,64.87212294243946,42.87212294243946,62.86365394119545,8.438949685500678,3000,2050,0.594059405940594,0.594059405940594,7371.9661671508175,9154.871666769945,16526.837833920763,Medellín,19
STORE_18,PROD_001,Tinto,8,70.18947733876263,62.18947733876263,65.14550683919002,10.961903089543702,1700,810,0.6772908366533864,0.6772908366533864,3920.4350081317143,5953.588079116567,9874.023087248283,Bogotá,38
STORE_18,PROD_002,Café con Leche,33,126.11288911736541,93.11288911736541,122.48884886145042,9.12717566639688,2300,1215,0.6543385490753911,0.6543385490753911,4858.785216948226,6969.9150146724005,11828.700231620627,Bogotá,38
STORE_18,PROD_003,Cappuccino,20,67.4020678894488,47.4020678894488,63.746345356284664,8.60891500236952,3000,1515,0.6644518272425249,0.6644518272425249,5735.050050504708,8434.619913248542,14169.669963753251,Bogotá,38
STORE_18,PROD_004,Pan de Bono,3,85.61345804667867,82.61345804667867,82.9918685368641,7.407445341269583,1800,1020,0.6382978723404256,0.6382978723404256,3289.5228096831993,4538.084225498002,7827.607035181201,Bogotá,38
STORE_18,PROD_005,Buñuelo,29,95.6706335997942,66.6706335997942,90.38366519745355,11.679780489755931,1700,820,0.6746031746031746,0.6746031746031746,4225.28358930207,6373.392056523864,10598.675645825933,Bogotá,38
STORE_18,PROD_006,Croissant,22,119.0905254120045,97.0905254120045,114.43734153920501,11.869434610647462,2300,1225,0.6524822695035462,0.6524822695035462,6366.195998504016,9090.841591208677,15457.037589712692,Bogotá,38
STORE_18,PROD_007,Pastel de Pollo,6,139.7200520151163,133.7200520151163,137.61535300544907,12.55382877579693,2000,1530,0.56657223796034,0.56657223796034,8052.249557431909,9380.160396226267,17432.409953658178,Bogotá,38
STORE_18,PROD_008,Jugo de Naranja,36,97.58660500139715,61.586605001397146,94.9967742422804,10.881647392422513,3000,2050,0.594059405940594,0.594059405940594,9505.819966865265,11804.796700213947,21310.61666707921,Bogotá,38
STORE_19,PROD_001,Tinto,9,47.36517725304739,38.36517725304739,44.04679240406989,7.211741847297427,1700,810,0.6772908366533864,0.6772908366533864,2579.22050366623,3916.814438242155,6496.034941908385,Bogotá,37
STORE_19,PROD_002,Café con Leche,16,79.59345617692837,63.59345617692837,76.38848257368458,8.07175279999351,2300,1215,0.6543385490753911,0.6543385490753911,4296.938572559687,6163.947434749899,10460.886007309586,Bogotá,37
STORE_19,PROD_003,Cappuccino,8,89.50071833274694,81.50071833274694,85.36799270153305,9.732216645129318,3000,1515,0.6644518272425249,0.6644518272425249,6483.366318149174,9535.179321954378,16018.545640103552,Bogotá,37
STORE_19,PROD_004,Pan de Bono,25,48.367790493498674,23.367790493498674,46.155566156967566,6.250761530030554,1800,1020,0.6382978723404256,0.6382978723404256,2775.8588398036804,3829.45549915048,6605.31433895416,Bogotá,37
STORE_19,PROD_005,Buñuelo,17,204.45595091701222,187.45595091701222,199.0057742952628,12.040334219559623,1700,820,0.6746031746031746,0.6746031746031746,4355.717697968526,6570.138072384041,10925.855770352568,Bogotá,37
STORE_19,PROD_006,Croissant,12,120.56101164639804,108.56101164639804,116.36480957432809,10.703756281509838,2300,1225,0.6524822695035462,0.6524822695035462,5740.9819964957105,8198.044471201889,13939.0264676976,Bogotá,37
STORE_19,PROD_007,Pastel de Pollo,0,131.89318020664035,131.89318020664035,129.09464272161267,16.692344248901293,2000,1530,0.56657223796034,0.56657223796034,10706.767153766916,12472.439224724056,23179.20637849097,Bogotá,37
STORE_19,PROD_008,Jugo de Naranja,18,88.46642580848622,70.46642580848622,86.04126370166021,10.189761946045113,3000,2050,0.594059405940594,0.594059405940594,8901.413459856256,11054.214849895077,19955.628309751333,Bogotá,37
STORE_20,PROD_001,Tinto,19,37.99795042978091,18.997950429780907,35.24599903256514,5.980729769527749,1700,810,0.6772908366533864,0.6772908366533864,2138.9590996291236,3248.231732156296,5387.1908317854195,Medellín,33
STORE_20,PROD_002,Café con Leche,3,71.64527690542607,68.64527690542607,67.17709740700883,11.253147402125313,2300,1215,0.6543385490753911,0.6543385490753911,5990.530722760856,8593.40105933975,14583.931782100608,Medellín,33
STORE_20,PROD_003,Cappuccino,8,120.72297192706826,112.72297192706826,116.11394763651548,10.853859394761653,3000,1515,0.6644518272425249,0.6644518272425249,7230.577471489244,10634.113423289538,17864.69089477878,Medellín,33
STORE_20,PROD_004,Pan de Bono,42,47.585253804336894,5.585253804336894,44.76137417961729,7.979027186416733,1800,1020,0.6382978723404256,0.6382978723404256,3543.352764625547,4888.257117168472,8431.609881794018,Medellín,33
STORE_20,PROD_005,Buñuelo,15,133.20223466252554,118.20223466252554,128.89579449030353,9.51363278084881,1700,820,0.6746031746031746,0.6746031746031746,3441.656844392175,5191.374242634753,8633.031087026928,Medellín,33
STORE_20,PROD_006,Croissant,11,162.6009119137862,151.6009119137862,158.18692705740077,11.259280969211902,2300,1225,0.6524822695035462,0.6524822695035462,6038.938820887885,8623.52277758852,14662.461598476406,Medellín,33
STORE_20,PROD_007,Pastel de Pollo,54,127.41352189036331,73.41352189036331,125.44661966418282,11.731916845491238,2000,1530,0.56657223796034,0.56657223796034,7525.060594188153,8766.031760610085,16291.092354798238,Medellín,33
STORE_20,PROD_008,Jugo de Naranja,33,163.31197856781787,130.31197856781787,159.93575114125792,14.185836755209852,3000,2050,0.594059405940594,0.594059405940594,12392.24222320115,15389.298410302028,27781.54063350318,Medellín,33
